status	path	baseline_sha256	updated_sha256
modified	README.md	6d8a43fc3935c0366885262a2876fe61ab125527a80f29d7366668a7ebe6691f	5ad6b53f740329495f285d8e776bb746b5bbbcd651b4c9f82be894d95a950c76
modified	d-i/forky/hooks/installer/finish-install.d/95-normalize-apt	f71dd3532f7a4063c22bb36e481159978f21e6e8545c289c215d91d3e1d05e45	cbd848fe2cd6cd4f889f1ab33acd9898ecd85f554faffc9d0542c4d415c71bf8
modified	d-i/forky/hooks/target/etc/apparmor.d/managed-desktop-wrappers	274958d7909da52dfa7e911b21fda98b3bc6648dce8282324bb565afa90656a3	cfaf8b0ed4b14063d31fc340bc55d5bbd8982b798b5dff0e1da18794d7b5e787
modified	d-i/forky/hooks/target/etc/apparmor.d/managed-document-applications	e400e11753e13d58a23b97cdc3e9c494f7ff7db9175ad722e5380bd134a72898	b1c3788874bf172166bee2dedd11cf146706177ae9ee5ffea4b8a2599bea1151
deleted	d-i/forky/hooks/target/etc/dpkg/dpkg.cfg.d/94-local-apt-vendor-policy	6ffe47301d9e2ec66c9ef0a046e7d98604436da8551ec964d174e56dfab0318e	-
modified	d-i/forky/hooks/target/etc/polkit-1/rules.d/03-labwc-power.rules	326067f1cf7fa79a01ee59fa3aa846af82456ab5f983acfbfd848faae0e7e458	7d3ddf66afa081e1d3b497db47d19b96e4ae3c03bc6daf927b1d5ed02ebb040b
modified	d-i/forky/hooks/target/etc/skel-desktop/.config/Code/User/settings.json	959b4def14685764cf7643d0c46825cc33f812a1234f66ed2081b0fc1eded53e	5b0b8459fecfb29d24b8fa6df16356038c06c59f48ab5c348980b5ecef117ba3
modified	d-i/forky/hooks/target/etc/skel-desktop/.config/featherpad/fp.conf	1919d12ff1226287d2a296374e03ac4905b0bcbf7c7748e7e94cbe47e71780f9	d26f8a7121421ebef9adcdbf3f41226cbe7ac31bd5a3e929ce8d632f8aed00ed
added	d-i/forky/hooks/target/etc/skel-desktop/.config/systemd/user/labwc-session-restore.service	-	4525e1ffdd1b272ad1cb02d87b2be187cdea059e8392137e26b116921d1e2746
modified	d-i/forky/hooks/target/etc/systemd/system/labwc-admin-action@.service	72ba3dc22b0a159b219f72f38b2d8605c9e7baa259b47c03de9bd751b0e32979	351c063ee17854262f1cbfd4df0b28795c7fcef9a0c55ceea90422082ea789df
modified	d-i/forky/hooks/target/etc/systemd/system/local-apt-refresh.service	c2eec34dcbda9d9ce024d0f04000f0ae438e03464d844a2334d34ce1caf07995	5ee556f5122fb0f08ebe49a0efa7394b5f62b6791adf62a80143eceae57e38a7
deleted	d-i/forky/hooks/target/usr/local/bin/apt-local-repo	0df4e5f6bab6f11ef642570a448fe2a07b167cc360931355d0ec1b745b232cb4	-
modified	d-i/forky/hooks/target/usr/local/bin/labwc-admin-action	1ae9079400061081e7d1b5b2fd6bdda72e49626f74e3be4dae7463d0e02b8451	0404c96807be7b28e0fa02233cf78cd2f27ce942e9811a3340b5d1a18561371d
modified	d-i/forky/hooks/target/usr/local/bin/labwc-autostart	b4eb872255f02482de102730f4ce51059a7674b55b31710c2c04cd98286f7493	90c10790a5e01dc83f8910d60986840830b329c8c2b8512306af88761192eb42
modified	d-i/forky/hooks/target/usr/local/bin/labwc-focuswriter-import	a902f61b2c27b4cb6ac4406e7fa36246b6c6383429a86197bcf84644e057c9c8	9c2aeba305282418af998d7be4d552686b86f5510c2ddf4baea719ddd52ba65c
modified	d-i/forky/hooks/target/usr/local/bin/labwc-logout	a98fe49d0f51b9a0be1d823915f92851b0b46d1035ea1d1389ebd19b5190ed97	6d0ff770bf95a6ec0721498c743041c83e5d1a35acea253376e0d047bc634759
modified	d-i/forky/hooks/target/usr/local/bin/labwc-power-menu	e9bd9708f3df9f8111e15569bb02b0e554a22f31a6f1c88f3ae8e4e567b0ac4b	cd64de811b702751ce862c22aaaf6a698aaa377f06c59147cce492507426e50b
modified	d-i/forky/hooks/target/usr/local/bin/labwc-power-settings	87068fc98e69f225e2d3a6341f7afd1a2ca69844894668ccf3f5d7831c40b3d6	34bbc349d67b67cd5c4315f2fff1f111de4fa753de0e84a52b204574b83c060d
modified	d-i/forky/hooks/target/usr/local/bin/labwc-qbittorrent	92e17f13dc1e026ff244bc621b641dd38e2af68d84564a23db70ba2166b3e871	1378bc707b7ef60c8a807e6b96ea36002c65a42f079a18e8c5e4d077b4dc44ac
added	d-i/forky/hooks/target/usr/local/bin/local-apt-init	-	1ff87730b9c51e77fd14854151fc8a5d0405767465bf7ff34276fbfb4a115325
modified	d-i/forky/hooks/target/usr/local/bin/mullvad-vpn	e582597877702f9fb8e76cb5d830a9a53e51a628a5a9fdb2d925667d123913cd	66c02001b05030a9ed4ec16d16b886205ef30438729e4ec46f92c955f657b94a
modified	d-i/forky/hooks/target/usr/local/lib/perl5/site_perl/external-managed-software/ExternalSoftware/Servicing/CLI.pm	7b4a07fa26e85d33cabde7a54897a1cc3a014da018faa1353ddf4d7abe8927dc	2c42eef98685e120ba45e49cf7fcf6a6a103f83d7a589125bc4c5efc99474345
modified	d-i/forky/hooks/target/usr/local/lib/python3.14/dist-packages/labwc_managed_app/generic.py	509552e7663acc68ad816b0893ecdd7ff0a8ae2f0c12e66e6d05739b8aef057e	171da1ae2aca6d0921ed70ad82e38b9f59dcd5c23aa0c25fc929c5e9dca6a893
modified	d-i/forky/hooks/target/usr/local/lib/python3.14/dist-packages/labwc_managed_app/integrity.py	621a3b0bc3afdfbc10d6624e697b94f402e730a6239dbfac4020774a9ba44629	aeeab4e328bcbc4b9c95e64f2154d1648e122612d66e0c67ee00633b0b430001
added	d-i/forky/hooks/target/usr/local/lib/python3.14/dist-packages/labwc_managed_app/recovery.py	-	7fa92bf26e88e9711c18cfa692f62f1c69566dc824ba118249da274e2b78c08d
modified	d-i/forky/hooks/target/usr/local/lib/python3.14/dist-packages/labwc_managed_app/session.py	6bc279be6e415eed60efe40ecdac48ef20ed97e139a79e18193a636c9e8e603a	dd1589e6e245b808d334b950f66f39bfc1357539243e4d2f4d6d55acfc22bf44
modified	d-i/forky/hooks/target/usr/local/libexec/labwc-admin-action-root	434fbd73c34e61366b44bc67d739ee6a56be5ec75fb9bf604b4d8c5041004edd	b82ef5427a87311ce002cb644f672c8194fdd18d9b2eb42dc583d53dc38d16f8
modified	d-i/forky/hooks/target/usr/local/libexec/labwc-admin-action-worker	f6388c70701d7d7f26b19b0947f518058ff6f58ad6f6d37772a1dcad184156dc	8e1119bcf849b1edb3de2b1844765db943e2a40426cd23d3ac99fd0b39708bc3
added	d-i/forky/hooks/target/usr/local/libexec/labwc-logout-root	-	10f3e53184f287b83bc8f9bd0d6c568f58f44b26279bc920f01d818e0dbe05e4
added	d-i/forky/hooks/target/usr/local/libexec/labwc-session-state	-	df761d56c534871b663450e63ac88794be9e82bc55d01a069c57cd6d7b0f4170
added	d-i/forky/hooks/target/usr/local/libexec/local-apt-normalize-sources	-	3042a2839a12ea055375aa82328ef5300b183e9ac3cd2358d9315559a9baf37c
modified	d-i/forky/hooks/target/usr/local/libexec/local-apt-repository	10770511d7a01721b321f60e14a5ed016dbba9785480eeff1457d21fe21381fa	bddbc720fd9c8cbd79d695e18dc323f3799ad4fd8a8555a0082dd16daa06ae7d
modified	d-i/forky/hooks/target/usr/local/libexec/local-apt-vendor	a456cf512a55ba311a6ea7926bfa1cca162a8740727a0cb7275497c5a28486bd	b34b17d9aef9bcec1a7f35f2ae59b956b576281557c99c1bf9b218517eec9807
modified	d-i/forky/hooks/target/usr/local/share/applications/labwc-tweaks.desktop	f3b3c5a02a5f3852cbb3bd471563f0df0cc1d472201d652b9b7b01ece6aa04a0	73beaa608c12a8903dae2118d65b25749fdae2c662ac7e74d154db385874e855
added	d-i/forky/hooks/target/usr/local/share/software/package-policies.json	-	2c86ae134a05807df70c6ad899e7bc83c2caa8fc82492202cd6377259c6ea25b
modified	d-i/forky/payload.manifest	c493660aca299fe11645b0c79ac2c9f45c7d6d0538d4378a2f99df159cbe9154	5f93bf387a5980e285aecc7675993aaaadd4c8ec2e5f15b240c8745428818b31
modified	d-i/forky/payload.tar.gz	deb9c1d57dc11bc68649cd11ea987f6c74adf19529e6a3b3b6e64fba7baed88f	2b4a2220eb828c47780cf29efe7270aa82f2c8f8c7c7734002fceebcf03cab26
modified	d-i/forky/preseed.cfg	2dac22dab1f3583432f9ec4b7b3ae8904338374156cc6278097cacd374256db6	9811baab10076320f69cc8b726a88b0ae133b134733cb15f0627ede50a917511
modified	d-i/forky/scripts/desktop/components.sh	d1f48acb297676bf6711fdeef62478bc389c5545c87eacda49be08aea16a8bb7	c4161d0e4eadaa990593ef0cfa2bd105ee297d89bdba9667d5e057f414c5e23e
modified	d-i/forky/scripts/desktop/verify.sh	c659671e609f1312e2e3eb4ec98534f46cd4e9fc8bf72d1977718165a7a5ac23	062455ae8ad339adde6dc90d0dfe91e1b1e245b8b25624f733342db9f5c38508
modified	d-i/forky/scripts/firstboot/04-validation.sh	ea52590db25a98413b18a9c08d230a85249b2a2b116eecb5fc38791e37d02af1	dcbb53e2eaf50a5c55becf86db07bd4631404574b04168f2bdb09d6ee65e1e33
modified	d-i/forky/scripts/late/core.sh	11ae51519b142d1094b7e0e088b0d76a984543efc074611ead8cf96dda394340	01a366f14ea7fa858c57a279c5105f2df7445b31aac55116e633fcdc4b25742b
modified	d-i/forky/scripts/late/software.sh	910396967f29e55dfae75a8fa3d4c84379b8ea720b6516234ef54a3057f466a6	cdbeebeadef396f873dbdc9fb711663514d829f3040cbe6b4e0a79b2a15514fd
modified	d-i/forky/tests/test_installation_fixes_20260912.py	fb3b0a4e3779deaad147d81cc23ea0aa715b40d27bf309db7ae9406327d107fc	d5bfe849657986d96a242e7562d2ab6ce7b5843442a2bbd0f83b6cd686a749e0
modified	docs/local-apt-repo-v2/README.md	b7da359b5552b6f83866d435e6269102f0c8f82e2b0ff4e5933d0dad16a40858	2764f902f11f862547934ed70d5878cf12cdfb1311c1dfdacf4a5ed5b68919f3
added	tools/tests/test_apt_vendor_normalization.py	-	54f9e59c46310ff4690b7b7afc02c288b812012fde133c3b01f26ff2540cb339
added	tools/tests/test_labwc_power_handoff.py	-	ae96010c1e658f2268a1445ab67a4f170e1653040fae908217eb3d02faa6ba61
modified	tools/tests/test_local_apt_refresh.py	5cc0d52219bf83aa13a5103ea2c71aacab23590da0099adcb59424fa7fbcc108	a682991e178e2aa7e1d26d1c01abf2c8ca34c21ce10dd16f6d654eb774ca7b73
modified	tools/tests/test_local_apt_repository.py	ebb3b6a4a0621cc9e613428d753f759698a0d16283b009fbe4528e01cbcddb6d	7b45211b5391d4455c8b67d4534daa237b53c89c2728d7a9b92ce85a059908c1
added	tools/tests/test_persisted_package_policy.py	-	c7ed7eaefc67d04c1e56c5efde9dce02d443e799cb4e02d7b5ee7e0d7894382e
